{
  "D": [0.0, 0.0, 0.0, 0.0, 0.0],
  "K": [0.6178671875, 0.0, 0.3158921813964844, 0.0, 0.6179471435546875, 0.24953878784179688, 0.0, 0.0, 1.0],
  "R": [1.0, 0.0, 0.0, 0.0, 1.0, 0.0, 0.0, 0.0, 1.0],
  "P": [0.6178671875, 0.0, 0.3158921813964844, 0.0, 0.0, 0.6179471435546875, 0.24953878784179688, 0.0, 0.0, 0.0, 1.0, 0.0],
  "frame_id" : "/camera_1_color_optical_frame"
}
